2415021	1317	9	1
2415058	1317	10	8
2415095	1317	11	16
2415132	1317	12	23
2415169	1318	1	30
2415206	1318	3	8
2415243	1318	4	15
2415280	1318	5	23
2415317	1318	7	1
2415354	1318	8	8
2415391	1318	9	16
2415428	1318	10	23
2415465	1318	12	1
2415502	1319	1	9
2415539	1319	2	16
2415576	1319	3	24
2415613	1319	5	2
2415650	1319	6	9
2415687	1319	7	17
2415724	1319	8	24
2415761	1319	10	2
2415798	1319	11	10
2415835	1319	12	17
2415872	1320	1	24
2415909	1320	3	2
2415946	1320	4	9
2415983	1320	5	17
2416020	1320	6	24
2416057	1320	8	2
2416094	1320	9	10
2416131	1320	10	17
2416168	1320	11	25
2416205	1321	1	3
2416242	1321	2	10
2416279	1321	3	18
2416316	1321	4	25
2416353	1321	6	3
2416390	1321	7	11
2416427	1321	8	18
2416464	1321	9	26
2416501	1321	11	4
2416538	1321	12	11
2416575	1322	1	19
2416612	1322	2	26
2416649	1322	4	4
2416686	1322	5	12
2416723	1322	6	19
2416760	1322	7	27
2416797	1322	9	5
2416834	1322	10	12
2416871	1322	11	20
2416908	1322	12	27
2416945	1323	2	4
2416982	1323	3	12
2417019	1323	4	19
2417056	1323	5	27
2417093	1323	7	5
2417130	1323	8	12
2417167	1323	9	20
2417204	1323	10	27
2417241	1323	12	5
2417278	1324	1	13
2417315	1324	2	20
2417352	1324	3	28
2417389	1324	5	6
2417426	1324	6	13
2417463	1324	7	21
2417500	1324	8	28
2417537	1324	10	6
2417574	1324	11	14
2417611	1324	12	21
2417648	1325	1	29
2417685	1325	3	7
2417722	1325	4	14
2417759	1325	5	22
2417796	1325	6	29
2417833	1325	8	7
2417870	1325	9	15
2417907	1325	10	22
2417944	1325	11	30
2417981	1326	1	7
2418018	1326	2	14
2418055	1326	3	22
2418092	1326	4	29
2418129	1326	6	7
2418166	1326	7	15
2418203	1326	8	22
2418240	1326	9	30
2418277	1326	11	8
2418314	1326	12	15
2418351	1327	1	23
2418388	1327	3	1
2418425	1327	4	8
2418462	1327	5	16
2418499	1327	6	23
2418536	1327	8	1
2418573	1327	9	9
2418610	1327	10	16
2418647	1327	11	24
2418684	1328	1	2
2418721	1328	2	9
2418758	1328	3	17
2418795	1328	4	24
2418832	1328	6	2
2418869	1328	7	10
2418906	1328	8	17
2418943	1328	9	25
2418980	1328	11	3
2419017	1328	12	10
2419054	1329	1	17
2419091	1329	2	24
2419128	1329	4	2
2419165	1329	5	10
2419202	1329	6	17
2419239	1329	7	25
2419276	1329	9	3
2419313	1329	10	10
2419350	1329	11	18
2419387	1329	12	25
2419424	1330	2	3
2419461	1330	3	11
2419498	1330	4	18
2419535	1330	5	26
2419572	1330	7	4
2419609	1330	8	11
2419646	1330	9	19
2419683	1330	10	26
2419720	1330	12	4
2419757	1331	1	11
2419794	1331	2	18
2419831	1331	3	26
2419868	1331	5	4
2419905	1331	6	11
2419942	1331	7	19
2419979	1331	8	26
2420016	1331	10	4
2420053	1331	11	12
2420090	1331	12	19
2420127	1332	1	27
2420164	1332	3	5
2420201	1332	4	12
2420238	1332	5	20
2420275	1332	6	27
2420312	1332	8	5
2420349	1332	9	13
2420386	1332	10	20
2420423	1332	11	28
2420460	1333	1	6
2420497	1333	2	13
2420534	1333	3	21
2420571	1333	4	28
2420608	1333	6	6
2420645	1333	7	14
2420682	1333	8	21
2420719	1333	9	29
2420756	1333	11	7
2420793	1333	12	14
2420830	1334	1	21
2420867	1334	2	28
2420904	1334	4	6
2420941	1334	5	14
2420978	1334	6	21
2421015	1334	7	29
2421052	1334	9	7
2421089	1334	10	14
2421126	1334	11	22
2421163	1334	12	29
2421200	1335	2	7
2421237	1335	3	15
2421274	1335	4	22
2421311	1335	5	30
2421348	1335	7	8
2421385	1335	8	15
2421422	1335	9	23
2421459	1335	11	1
2421496	1335	12	8
2421533	1336	1	16
2421570	1336	2	23
2421607	1336	4	1
2421644	1336	5	9
2421681	1336	6	16
2421718	1336	7	24
2421755	1336	9	2
2421792	1336	10	9
2421829	1336	11	17
2421866	1336	12	24
2421903	1337	2	1
2421940	1337	3	9
2421977	1337	4	16
2422014	1337	5	24
2422051	1337	7	2
2422088	1337	8	9
2422125	1337	9	17
2422162	1337	10	24
2422199	1337	12	2
2422236	1338	1	10
2422273	1338	2	17
2422310	1338	3	25
2422347	1338	5	3
2422384	1338	6	10
2422421	1338	7	18
2422458	1338	8	25
2422495	1338	10	3
2422532	1338	11	11
2422569	1338	12	18
2422606	1339	1	26
2422643	1339	3	4
2422680	1339	4	11
2422717	1339	5	19
2422754	1339	6	26
2422791	1339	8	4
2422828	1339	9	12
2422865	1339	10	19
2422902	1339	11	27
2422939	1340	1	4
2422976	1340	2	11
2423013	1340	3	19
2423050	1340	4	26
2423087	1340	6	4
2423124	1340	7	12
2423161	1340	8	19
2423198	1340	9	27
2423235	1340	11	5
2423272	1340	12	12
2423309	1341	1	20
2423346	1341	2	27
2423383	1341	4	5
2423420	1341	5	13
2423457	1341	6	20
2423494	1341	7	28
2423531	1341	9	6
2423568	1341	10	13
2423605	1341	11	21
2423642	1341	12	28
2423679	1342	2	5
2423716	1342	3	13
2423753	1342	4	20
2423790	1342	5	28
2423827	1342	7	6
2423864	1342	8	13
2423901	1342	9	21
2423938	1342	10	28
2423975	1342	12	6
2424012	1343	1	14
2424049	1343	2	21
2424086	1343	3	29
2424123	1343	5	7
2424160	1343	6	14
2424197	1343	7	22
2424234	1343	8	29
2424271	1343	10	7
2424308	1343	11	15
2424345	1343	12	22
2424382	1344	1	30
2424419	1344	3	8
2424456	1344	4	15
2424493	1344	5	23
2424530	1344	7	1
2424567	1344	8	8
2424604	1344	9	16
2424641	1344	10	23
2424678	1344	12	1
2424715	1345	1	8
2424752	1345	2	15
2424789	1345	3	23
2424826	1345	5	1
2424863	1345	6	8
2424900	1345	7	16
2424937	1345	8	23
2424974	1345	10	1
2425011	1345	11	9
2425048	1345	12	16
2425085	1346	1	24
2425122	1346	3	2
2425159	1346	4	9
2425196	1346	5	17
2425233	1346	6	24
2425270	1346	8	2
2425307	1346	9	10
2425344	1346	10	17
2425381	1346	11	25
2425418	1347	1	3
2425455	1347	2	10
2425492	1347	3	18
2425529	1347	4	25
2425566	1347	6	3
2425603	1347	7	11
2425640	1347	8	18
2425677	1347	9	26
2425714	1347	11	4
2425751	1347	12	11
2425788	1348	1	18
2425825	1348	2	25
2425862	1348	4	3
2425899	1348	5	11
2425936	1348	6	18
2425973	1348	7	26
2426010	1348	9	4
2426047	1348	10	11
2426084	1348	11	19
2426121	1348	12	26
2426158	1349	2	4
2426195	1349	3	12
2426232	1349	4	19
2426269	1349	5	27
2426306	1349	7	5
2426343	1349	8	12
2426380	1349	9	20
2426417	1349	10	27
2426454	1349	12	5
2426491	1350	1	12
2426528	1350	2	19
2426565	1350	3	27
2426602	1350	5	5
2426639	1350	6	12
2426676	1350	7	20
2426713	1350	8	27
2426750	1350	10	5
2426787	1350	11	13
2426824	1350	12	20
2426861	1351	1	28
2426898	1351	3	6
2426935	1351	4	13
2426972	1351	5	21
2427009	1351	6	28
2427046	1351	8	6
2427083	1351	9	14
2427120	1351	10	21
2427157	1351	11	29
2427194	1352	1	7
2427231	1352	2	14
2427268	1352	3	22
2427305	1352	4	29
2427342	1352	6	7
2427379	1352	7	15
2427416	1352	8	22
2427453	1352	9	30
2427490	1352	11	8
2427527	1352	12	15
2427564	1353	1	22
2427601	1353	2	29
2427638	1353	4	7
2427675	1353	5	15
2427712	1353	6	22
2427749	1353	7	30
2427786	1353	9	8
2427823	1353	10	15
2427860	1353	11	23
2427897	1354	1	1
2427934	1354	2	8
2427971	1354	3	16
2428008	1354	4	23
2428045	1354	6	1
2428082	1354	7	9
2428119	1354	8	16
2428156	1354	9	24
2428193	1354	11	2
2428230	1354	12	9
2428267	1355	1	17
2428304	1355	2	24
2428341	1355	4	2
2428378	1355	5	10
2428415	1355	6	17
2428452	1355	7	25
2428489	1355	9	3
2428526	1355	10	10
2428563	1355	11	18
2428600	1355	12	25
2428637	1356	2	2
2428674	1356	3	10
2428711	1356	4	17
2428748	1356	5	25
2428785	1356	7	3
2428822	1356	8	10
2428859	1356	9	18
2428896	1356	10	25
2428933	1356	12	3
2428970	1357	1	11
2429007	1357	2	18
2429044	1357	3	26
2429081	1357	5	4
2429118	1357	6	11
2429155	1357	7	19
2429192	1357	8	26
2429229	1357	10	4
2429266	1357	11	12
2429303	1357	12	19
2429340	1358	1	27
2429377	1358	3	5
2429414	1358	4	12
2429451	1358	5	20
2429488	1358	6	27
2429525	1358	8	5
2429562	1358	9	13
2429599	1358	10	20
2429636	1358	11	28
2429673	1359	1	5
2429710	1359	2	12
2429747	1359	3	20
2429784	1359	4	27
2429821	1359	6	5
2429858	1359	7	13
2429895	1359	8	20
2429932	1359	9	28
2429969	1359	11	6
2430006	1359	12	13
2430043	1360	1	21
2430080	1360	2	28
2430117	1360	4	6
2430154	1360	5	14
2430191	1360	6	21
2430228	1360	7	29
2430265	1360	9	7
2430302	1360	10	14
2430339	1360	11	22
2430376	1360	12	29
2430413	1361	2	6
2430450	1361	3	14
2430487	1361	4	21
2430524	1361	5	29
2430561	1361	7	7
2430598	1361	8	14
2430635	1361	9	22
2430672	1361	10	29
2430709	1361	12	7
2430746	1362	1	15
2430783	1362	2	22
2430820	1362	3	30
2430857	1362	5	8
2430894	1362	6	15
2430931	1362	7	23
2430968	1362	9	1
2431005	1362	10	8
2431042	1362	11	16
2431079	1362	12	23
2431116	1363	2	1
2431153	1363	3	9
2431190	1363	4	16
2431227	1363	5	24
2431264	1363	7	2
2431301	1363	8	9
2431338	1363	9	17
2431375	1363	10	24
2431412	1363	12	2
2431449	1364	1	9
2431486	1364	2	16
2431523	1364	3	24
2431560	1364	5	2
2431597	1364	6	9
2431634	1364	7	17
2431671	1364	8	24
2431708	1364	10	2
2431745	1364	11	10
2431782	1364	12	17
2431819	1365	1	25
2431856	1365	3	3
2431893	1365	4	10
2431930	1365	5	18
2431967	1365	6	25
2432004	1365	8	3
2432041	1365	9	11
2432078	1365	10	18
2432115	1365	11	26
2432152	1366	1	4
2432189	1366	2	11
2432226	1366	3	19
2432263	1366	4	26
2432300	1366	6	4
2432337	1366	7	12
2432374	1366	8	19
2432411	1366	9	27
2432448	1366	11	5
2432485	1366	12	12
2432522	1367	1	19
2432559	1367	2	26
2432596	1367	4	4
2432633	1367	5	12
2432670	1367	6	19
2432707	1367	7	27
2432744	1367	9	5
2432781	1367	10	12
2432818	1367	11	20
2432855	1367	12	27
2432892	1368	2	5
2432929	1368	3	13
2432966	1368	4	20
2433003	1368	5	28
2433040	1368	7	6
2433077	1368	8	13
2433114	1368	9	21
2433151	1368	10	28
2433188	1368	12	6
2433225	1369	1	14
2433262	1369	2	21
2433299	1369	3	29
2433336	1369	5	7
2433373	1369	6	14
2433410	1369	7	22
2433447	1369	8	29
2433484	1369	10	7
2433521	1369	11	15
2433558	1369	12	22
2433595	1370	1	29
2433632	1370	3	7
2433669	1370	4	14
2433706	1370	5	22
2433743	1370	6	29
2433780	1370	8	7
2433817	1370	9	15
2433854	1370	10	22
2433891	1370	11	30
2433928	1371	1	8
2433965	1371	2	15
2434002	1371	3	23
2434039	1371	5	1
2434076	1371	6	8
2434113	1371	7	16
2434150	1371	8	23
2434187	1371	10	1
2434224	1371	11	9
2434261	1371	12	16
2434298	1372	1	23
2434335	1372	3	1
2434372	1372	4	8
2434409	1372	5	16
2434446	1372	6	23
2434483	1372	8	1
2434520	1372	9	9
2434557	1372	10	16
2434594	1372	11	24
2434631	1373	1	2
2434668	1373	2	9
2434705	1373	3	17
2434742	1373	4	24
2434779	1373	6	2
2434816	1373	7	10
2434853	1373	8	17
2434890	1373	9	25
2434927	1373	11	3
2434964	1373	12	10
2435001	1374	1	18
2435038	1374	2	25
2435075	1374	4	3
2435112	1374	5	11
2435149	1374	6	18
2435186	1374	7	26
2435223	1374	9	4
2435260	1374	10	11
2435297	1374	11	19
2435334	1374	12	26
2435371	1375	2	3
2435408	1375	3	11
2435445	1375	4	18
2435482	1375	5	26
2435519	1375	7	4
2435556	1375	8	11
2435593	1375	9	19
2435630	1375	10	26
2435667	1375	12	4
2435704	1376	1	12
2435741	1376	2	19
2435778	1376	3	27
2435815	1376	5	5
2435852	1376	6	12
2435889	1376	7	20
2435926	1376	8	27
2435963	1376	10	5
2436000	1376	11	13
2436037	1376	12	20
2436074	1377	1	28
2436111	1377	3	6
2436148	1377	4	13
2436185	1377	5	21
2436222	1377	6	28
2436259	1377	8	6
2436296	1377	9	14
2436333	1377	10	21
2436370	1377	11	29
2436407	1378	1	6
2436444	1378	2	13
2436481	1378	3	21
2436518	1378	4	28
2436555	1378	6	6
2436592	1378	7	14
2436629	1378	8	21
2436666	1378	9	29
2436703	1378	11	7
2436740	1378	12	14
2436777	1379	1	22
2436814	1379	2	29
2436851	1379	4	7
2436888	1379	5	15
2436925	1379	6	22
2436962	1379	7	30
2436999	1379	9	8
2437036	1379	10	15
2437073	1379	11	23
2437147	1380	2	7
2437184	1380	3	15
2437221	1380	4	22
2437258	1380	5	30
2437295	1380	7	8
2437332	1380	8	15
2437369	1380	9	23
2437406	1380	11	1
2437443	1380	12	8
2437480	1381	1	16
2437517	1381	2	23
2437554	1381	4	1
2437591	1381	5	9
2437628	1381	6	16
2437665	1381	7	24
2437702	1381	9	2
2437739	1381	10	9
2437776	1381	11	17
2437813	1381	12	24
2437850	1382	2	2
2437887	1382	3	10
2437924	1382	4	17
2437961	1382	5	25
2437998	1382	7	3
2438035	1382	8	10
2438072	1382	9	18
2438109	1382	10	25
2438146	1382	12	3
2438183	1383	1	10
2438220	1383	2	17
2438257	1383	3	25
2438294	1383	5	3
2438331	1383	6	10
2438368	1383	7	18
2438405	1383	8	25
2438442	1383	10	3
2438479	1383	11	11
2438516	1383	12	18
2438553	1384	1	26
2438590	1384	3	4
2438627	1384	4	11
2438664	1384	5	19
2438701	1384	6	26
2438738	1384	8	4
2438775	1384	9	12
2438812	1384	10	19
2438849	1384	11	27
2438886	1385	1	5
2438923	1385	2	12
2438960	1385	3	20
2438997	1385	4	27
2439034	1385	6	5
2439071	1385	7	13
2439108	1385	8	20
2439145	1385	9	28
2439182	1385	11	6
2439219	1385	12	13
2439256	1386	1	20
2439293	1386	2	27
2439330	1386	4	5
2439367	1386	5	13
2439404	1386	6	20
2439441	1386	7	28
2439478	1386	9	6
2439515	1386	10	13
2439552	1386	11	21
2439589	1386	12	28
2439626	1387	2	6
2439663	1387	3	14
2439700	1387	4	21
2439737	1387	5	29
2439774	1387	7	7
2439811	1387	8	14
2439848	1387	9	22
2439885	1387	10	29
2439922	1387	12	7
2439959	1388	1	15
2439996	1388	2	22
2440033	1388	3	30
2440070	1388	5	8
2440107	1388	6	15
2440144	1388	7	23
2440181	1388	9	1
2440218	1388	10	8
2440255	1388	11	16
2440292	1388	12	23
2440329	1389	1	30
2440366	1389	3	8
2440403	1389	4	15
2440440	1389	5	23
2440477	1389	7	1
2440514	1389	8	8
2440551	1389	9	16
2440588	1389	10	23
2440625	1389	12	1
2440662	1390	1	9
2440699	1390	2	16
2440736	1390	3	24
2440773	1390	5	2
2440810	1390	6	9
2440847	1390	7	17
2440884	1390	8	24
2440921	1390	10	2
2440958	1390	11	10
2440995	1390	12	17
2441032	1391	1	24
2441069	1391	3	2
2441106	1391	4	9
2441143	1391	5	17
2441180	1391	6	24
2441217	1391	8	2
2441254	1391	9	10
2441291	1391	10	17
2441328	1391	11	25
2441365	1392	1	3
2441402	1392	2	10
2441439	1392	3	18
2441476	1392	4	25
2441513	1392	6	3
2441550	1392	7	11
2441587	1392	8	18
2441624	1392	9	26
2441661	1392	11	4
2441698	1392	12	11
2441735	1393	1	19
2441772	1393	2	26
2441809	1393	4	4
2441846	1393	5	12
2441883	1393	6	19
2441920	1393	7	27
2441957	1393	9	5
2441994	1393	10	12
2442031	1393	11	20
2442068	1393	12	27
2442105	1394	2	4
2442142	1394	3	12
2442179	1394	4	19
2442216	1394	5	27
2442253	1394	7	5
2442290	1394	8	12
2442327	1394	9	20
2442364	1394	10	27
2442401	1394	12	5
2442438	1395	1	13
2442475	1395	2	20
2442512	1395	3	28
2442549	1395	5	6
2442586	1395	6	13
2442623	1395	7	21
2442660	1395	8	28
2442697	1395	10	6
2442734	1395	11	14
2442771	1395	12	21
2442808	1396	1	29
2442845	1396	3	7
2442882	1396	4	14
2442919	1396	5	22
2442956	1396	6	29
2442993	1396	8	7
2443030	1396	9	15
2443067	1396	10	22
2443104	1396	11	30
2443141	1397	1	7
2443178	1397	2	14
2443215	1397	3	22
2443252	1397	4	29
2443289	1397	6	7
2443326	1397	7	15
2443363	1397	8	22
2443400	1397	9	30
2443437	1397	11	8
2443474	1397	12	15
2443511	1398	1	23
2443548	1398	3	1
2443585	1398	4	8
2443622	1398	5	16
2443659	1398	6	23
2443696	1398	8	1
2443733	1398	9	9
2443770	1398	10	16
2443807	1398	11	24
2443844	1399	1	2
2443881	1399	2	9
2443918	1399	3	17
2443955	1399	4	24
2443992	1399	6	2
2444029	1399	7	10
2444066	1399	8	17
2444103	1399	9	25
2444140	1399	11	3
2444177	1399	12	10
2444214	1400	1	17
2444251	1400	2	24
2444288	1400	4	2
2444325	1400	5	10
2444362	1400	6	17
2444399	1400	7	25
2444436	1400	9	3
2444473	1400	10	10
2444510	1400	11	18
2444547	1400	12	25
2444584	1401	2	3
2444621	1401	3	11
2444658	1401	4	18
2444695	1401	5	26
2444732	1401	7	4
2444769	1401	8	11
2444806	1401	9	19
2444843	1401	10	26
2444880	1401	12	4
2444917	1402	1	11
2444954	1402	2	18
2444991	1402	3	26
2445028	1402	5	4
2445065	1402	6	11
2445102	1402	7	19
2445139	1402	8	26
2445176	1402	10	4
2445213	1402	11	12
2445250	1402	12	19
2445287	1403	1	27
2445324	1403	3	5
2445361	1403	4	12
2445398	1403	5	20
2445435	1403	6	27
2445472	1403	8	5
2445509	1403	9	13
2445546	1403	10	20
2445583	1403	11	28
2445620	1404	1	6
2445657	1404	2	13
2445694	1404	3	21
2445731	1404	4	28
2445768	1404	6	6
2445805	1404	7	14
2445842	1404	8	21
2445879	1404	9	29
2445916	1404	11	7
2445953	1404	12	14
2445990	1405	1	21
2446027	1405	2	28
2446064	1405	4	6
2446101	1405	5	14
2446138	1405	6	21
2446175	1405	7	29
2446212	1405	9	7
2446249	1405	10	14
2446286	1405	11	22
2446323	1405	12	29
2446360	1406	2	7
2446397	1406	3	15
2446434	1406	4	22
2446471	1406	5	30
2446508	1406	7	8
2446545	1406	8	15
2446582	1406	9	23
2446619	1406	11	1
2446656	1406	12	8
2446693	1407	1	16
2446730	1407	2	23
2446767	1407	4	1
2446804	1407	5	9
2446841	1407	6	16
2446878	1407	7	24
2446915	1407	9	2
2446952	1407	10	9
2446989	1407	11	17
2447026	1407	12	24
2447063	1408	2	1
2447100	1408	3	9
2447137	1408	4	16
2447174	1408	5	24
2447211	1408	7	2
2447248	1408	8	9
2447285	1408	9	17
2447322	1408	10	24
2447359	1408	12	2
2447396	1409	1	10
2447433	1409	2	17
2447470	1409	3	25
2447507	1409	5	3
2447544	1409	6	10
2447581	1409	7	18
2447618	1409	8	25
2447655	1409	10	3
2447692	1409	11	11
2447729	1409	12	18
2447766	1410	1	25
2447803	1410	3	3
2447840	1410	4	10
2447877	1410	5	18
2447914	1410	6	25
2447951	1410	8	3
2447988	1410	9	11
2448025	1410	10	18
2448062	1410	11	26
2448099	1411	1	4
2448136	1411	2	11
2448173	1411	3	19
2448210	1411	4	26
2448247	1411	6	4
2448284	1411	7	12
2448321	1411	8	19
2448358	1411	9	27
2448395	1411	11	5
2448432	1411	12	12
2448469	1412	1	20
2448506	1412	2	27
2448543	1412	4	5
2448580	1412	5	13
2448617	1412	6	20
2448654	1412	7	28
2448691	1412	9	6
2448728	1412	10	13
2448765	1412	11	21
2448802	1412	12	28
2448839	1413	2	5
2448876	1413	3	13
2448913	1413	4	20
2448950	1413	5	28
2448987	1413	7	6
2449024	1413	8	13
2449061	1413	9	21
2449098	1413	10	28
2449135	1413	12	6
2449172	1414	1	14
2449209	1414	2	21
2449246	1414	3	29
2449283	1414	5	7
2449320	1414	6	14
2449357	1414	7	22
2449394	1414	8	29
2449431	1414	10	7
2449468	1414	11	15
2449505	1414	12	22
2449542	1415	1	30
2449579	1415	3	8
2449616	1415	4	15
2449653	1415	5	23
2449690	1415	7	1
2449727	1415	8	8
2449764	1415	9	16
2449801	1415	10	23
2449838	1415	12	1
2449875	1416	1	8
2449912	1416	2	15
2449949	1416	3	23
2449986	1416	5	1
2450023	1416	6	8
2450060	1416	7	16
2450097	1416	8	23
2450134	1416	10	1
2450171	1416	11	9
2450208	1416	12	16
2450245	1417	1	24
2450282	1417	3	2
2450319	1417	4	9
2450356	1417	5	17
2450393	1417	6	24
2450430	1417	8	2
2450467	1417	9	10
2450504	1417	10	17
2450541	1417	11	25
2450578	1418	1	3
2450615	1418	2	10
2450652	1418	3	18
2450689	1418	4	25
2450726	1418	6	3
2450763	1418	7	11
2450800	1418	8	18
2450837	1418	9	26
2450874	1418	11	4
2450911	1418	12	11
2450948	1419	1	18
2450985	1419	2	25
2451022	1419	4	3
2451059	1419	5	11
2451096	1419	6	18
2451133	1419	7	26
2451170	1419	9	4
2451207	1419	10	11
2451244	1419	11	19
2451281	1419	12	26
2451318	1420	2	4
2451355	1420	3	12
2451392	1420	4	19
2451429	1420	5	27
2451466	1420	7	5
2451503	1420	8	12
2451540	1420	9	20
2451577	1420	10	27
2451614	1420	12	5
2451651	1421	1	12
2451688	1421	2	19
2451725	1421	3	27
2451762	1421	5	5
2451799	1421	6	12
2451836	1421	7	20
2451873	1421	8	27
2451910	1421	10	5
2451947	1421	11	13
2451984	1421	12	20
2452021	1422	1	28
2452058	1422	3	6
2452095	1422	4	13
2452132	1422	5	21
2452169	1422	6	28
2452206	1422	8	6
2452243	1422	9	14
2452280	1422	10	21
2452317	1422	11	29
2452354	1423	1	7
2452391	1423	2	14
2452428	1423	3	22
2452465	1423	4	29
2452502	1423	6	7
2452539	1423	7	15
2452576	1423	8	22
2452613	1423	9	30
2452650	1423	11	8
2452687	1423	12	15
2452724	1424	1	22
2452761	1424	2	29
2452798	1424	4	7
2452835	1424	5	15
2452872	1424	6	22
2452909	1424	7	30
2452946	1424	9	8
2452983	1424	10	15
2453020	1424	11	23
2453057	1425	1	1
2453094	1425	2	8
2453131	1425	3	16
2453168	1425	4	23
2453205	1425	6	1
2453242	1425	7	9
2453279	1425	8	16
2453316	1425	9	24
2453353	1425	11	2
2453390	1425	12	9
2453427	1426	1	17
2453464	1426	2	24
2453501	1426	4	2
2453538	1426	5	10
2453575	1426	6	17
2453612	1426	7	25
2453649	1426	9	3
2453686	1426	10	10
2453723	1426	11	18
2453760	1426	12	25
2453797	1427	2	2
2453834	1427	3	10
2453871	1427	4	17
2453908	1427	5	25
2453945	1427	7	3
2453982	1427	8	10
2454019	1427	9	18
2454056	1427	10	25
2454093	1427	12	3
2454130	1428	1	11
2454167	1428	2	18
2454204	1428	3	26
2454241	1428	5	4
2454278	1428	6	11
2454315	1428	7	19
2454352	1428	8	26
2454389	1428	10	4
2454426	1428	11	12
2454463	1428	12	19
2454500	1429	1	27
2454537	1429	3	5
2454574	1429	4	12
2454611	1429	5	20
2454648	1429	6	27
2454685	1429	8	5
2454722	1429	9	13
2454759	1429	10	20
2454796	1429	11	28
2454833	1430	1	5
2454870	1430	2	12
2454907	1430	3	20
2454944	1430	4	27
2454981	1430	6	5
2455018	1430	7	13
2455055	1430	8	20
2455092	1430	9	28
2455129	1430	11	6
2455166	1430	12	13
2455203	1431	1	21
2455240	1431	2	28
2455277	1431	4	6
2455314	1431	5	14
2455351	1431	6	21
2455388	1431	7	29
2455425	1431	9	7
2455462	1431	10	14
2455499	1431	11	22
2455536	1431	12	29
2455573	1432	2	6
2455610	1432	3	14
2455647	1432	4	21
2455684	1432	5	29
2455721	1432	7	7
2455758	1432	8	14
2455795	1432	9	22
2455832	1432	10	29
2455869	1432	12	7
2455906	1433	1	15
2455943	1433	2	22
2455980	1433	3	30
2456017	1433	5	8
2456054	1433	6	15
2456091	1433	7	23
2456128	1433	9	1
2456165	1433	10	8
2456202	1433	11	16
2456239	1433	12	23
2456276	1434	2	1
2456313	1434	3	9
2456350	1434	4	16
2456387	1434	5	24
2456424	1434	7	2
2456461	1434	8	9
2456498	1434	9	17
2456535	1434	10	24
2456572	1434	12	2
2456609	1435	1	9
2456646	1435	2	16
2456683	1435	3	24
2456720	1435	5	2
2456757	1435	6	9
2456794	1435	7	17
2456831	1435	8	24
2456868	1435	10	2
2456905	1435	11	10
2456942	1435	12	17
2456979	1436	1	25
2457016	1436	3	3
2457053	1436	4	10
2457090	1436	5	18
2457127	1436	6	25
2457164	1436	8	3
2457201	1436	9	11
2457238	1436	10	18
2457275	1436	11	26
2457312	1437	1	4
2457349	1437	2	11
2457386	1437	3	19
2457423	1437	4	26
2457460	1437	6	4
2457497	1437	7	12
2457534	1437	8	19
2457571	1437	9	27
2457608	1437	11	5
2457645	1437	12	12
2457682	1438	1	19
2457719	1438	2	26
2457756	1438	4	4
2457793	1438	5	12
2457830	1438	6	19
2457867	1438	7	27
2457904	1438	9	5
2457941	1438	10	12
2457978	1438	11	20
2458015	1438	12	27
2458052	1439	2	5
2458089	1439	3	13
2458126	1439	4	20
2458163	1439	5	28
2458200	1439	7	6
2458237	1439	8	13
2458274	1439	9	21
2458311	1439	10	28
2458348	1439	12	6
2458385	1440	1	13
2458422	1440	2	20
2458459	1440	3	28
2458496	1440	5	6
2458533	1440	6	13
2458570	1440	7	21
2458607	1440	8	28
2458644	1440	10	6
2458681	1440	11	14
2458718	1440	12	21
2458755	1441	1	29
2458792	1441	3	7
2458829	1441	4	14
2458866	1441	5	22
2458903	1441	6	29
2458940	1441	8	7
2458977	1441	9	15
2459014	1441	10	22
2459051	1441	11	30
2459088	1442	1	8
2459125	1442	2	15
2459162	1442	3	23
2459199	1442	5	1
2459236	1442	6	8
2459273	1442	7	16
2459310	1442	8	23
2459347	1442	10	1
2459384	1442	11	9
2459421	1442	12	16
2459458	1443	1	23
2459495	1443	3	1
2459532	1443	4	8
2459569	1443	5	16
2459606	1443	6	23
2459643	1443	8	1
2459680	1443	9	9
2459717	1443	10	16
2459754	1443	11	24
2459791	1444	1	2
2459828	1444	2	9
2459865	1444	3	17
2459902	1444	4	24
2459939	1444	6	2
2459976	1444	7	10
2460013	1444	8	17
2460050	1444	9	25
2460087	1444	11	3
2460124	1444	12	10
2460161	1445	1	18
2460198	1445	2	25
2460235	1445	4	3
2460272	1445	5	11
2460309	1445	6	18
2460346	1445	7	26
2460383	1445	9	4
2460420	1445	10	11
2460457	1445	11	19
2460494	1445	12	26
2460531	1446	2	3
2460568	1446	3	11
2460605	1446	4	18
2460642	1446	5	26
2460679	1446	7	4
2460716	1446	8	11
2460753	1446	9	19
2460790	1446	10	26
2460827	1446	12	4
2460864	1447	1	12
2460901	1447	2	19
2460938	1447	3	27
2460975	1447	5	5
2461012	1447	6	12
2461049	1447	7	20
2461086	1447	8	27
2461123	1447	10	5
2461160	1447	11	13
2461197	1447	12	20
2461234	1448	1	28
2461271	1448	3	6
2461308	1448	4	13
2461345	1448	5	21
2461382	1448	6	28
2461419	1448	8	6
2461456	1448	9	14
2461493	1448	10	21
2461530	1448	11	29
2461567	1449	1	6
2461604	1449	2	13
2461641	1449	3	21
2461678	1449	4	28
2461715	1449	6	6
2461752	1449	7	14
2461789	1449	8	21
2461826	1449	9	29
2461863	1449	11	7
2461900	1449	12	14
2461937	1450	1	22
2461974	1450	2	29
2462011	1450	4	7
2462048	1450	5	15
2462085	1450	6	22
2462122	1450	7	30
2462159	1450	9	8
2462196	1450	10	15
2462233	1450	11	23
2462270	1450	12	30
2462307	1451	2	7
2462344	1451	3	15
2462381	1451	4	22
2462418	1451	5	30
2462455	1451	7	8
2462492	1451	8	15
2462529	1451	9	23
2462566	1451	11	1
2462603	1451	12	8
2462640	1452	1	16
2462677	1452	2	23
2462714	1452	4	1
2462751	1452	5	9
2462788	1452	6	16
2462825	1452	7	24
2462862	1452	9	2
2462899	1452	10	9
2462936	1452	11	17
2462973	1452	12	24
2463010	1453	2	2
2463047	1453	3	10
2463084	1453	4	17
2463121	1453	5	25
2463158	1453	7	3
2463195	1453	8	10
2463232	1453	9	18
2463269	1453	10	25
2463306	1453	12	3
2463343	1454	1	10
2463380	1454	2	17
2463417	1454	3	25
2463454	1454	5	3
2463491	1454	6	10
2463528	1454	7	18
2463565	1454	8	25
2463602	1454	10	3
2463639	1454	11	11
2463676	1454	12	18
2463713	1455	1	26
2463750	1455	3	4
2463787	1455	4	11
2463824	1455	5	19
2463861	1455	6	26
2463898	1455	8	4
2463935	1455	9	12
2463972	1455	10	19
2464009	1455	11	27
2464046	1456	1	5
2464083	1456	2	12
2464120	1456	3	20
2464157	1456	4	27
2464194	1456	6	5
2464231	1456	7	13
2464268	1456	8	20
2464305	1456	9	28
2464342	1456	11	6
2464379	1456	12	13
2464416	1457	1	20
2464453	1457	2	27
2464490	1457	4	5
2464527	1457	5	13
2464564	1457	6	20
2464601	1457	7	28
2464638	1457	9	6
2464675	1457	10	13
2464712	1457	11	21
2464749	1457	12	28
2464786	1458	2	6
2464823	1458	3	14
2464860	1458	4	21
2464897	1458	5	29
2464934	1458	7	7
2464971	1458	8	14
2465008	1458	9	22
2465045	1458	10	29
2465082	1458	12	7
2465119	1459	1	15
2465156	1459	2	22
2465193	1459	3	30
2465230	1459	5	8
2465267	1459	6	15
2465304	1459	7	23
2465341	1459	9	1
2465378	1459	10	8
2465415	1459	11	16
2465452	1459	12	23
2465489	1460	1	30
2465526	1460	3	8
2465563	1460	4	15
2465600	1460	5	23
2465637	1460	7	1
2465674	1460	8	8
2465711	1460	9	16
2465748	1460	10	23
2465785	1460	12	1
2465822	1461	1	9
2465859	1461	2	16
2465896	1461	3	24
2465933	1461	5	2
2465970	1461	6	9
2466007	1461	7	17
2466044	1461	8	24
2466081	1461	10	2
2466118	1461	11	10
2466155	1461	12	17
2466192	1462	1	24
2466229	1462	3	2
2466266	1462	4	9
2466303	1462	5	17
2466340	1462	6	24
2466377	1462	8	2
2466414	1462	9	10
2466451	1462	10	17
2466488	1462	11	25
2466525	1463	1	3
2466562	1463	2	10
2466599	1463	3	18
2466636	1463	4	25
2466673	1463	6	3
2466710	1463	7	11
2466747	1463	8	18
2466784	1463	9	26
2466821	1463	11	4
2466858	1463	12	11
2466895	1464	1	19
2466932	1464	2	26
2466969	1464	4	4
2467006	1464	5	12
2467043	1464	6	19
2467080	1464	7	27
2467117	1464	9	5
2467154	1464	10	12
2467191	1464	11	20
2467228	1464	12	27
2467265	1465	2	4
2467302	1465	3	12
2467339	1465	4	19
2467376	1465	5	27
2467413	1465	7	5
2467450	1465	8	12
2467487	1465	9	20
2467524	1465	10	27
2467561	1465	12	5
2467598	1466	1	13
2467635	1466	2	20
2467672	1466	3	28
2467709	1466	5	6
2467746	1466	6	13
2467783	1466	7	21
2467820	1466	8	28
2467857	1466	10	6
2467894	1466	11	14
2467931	1466	12	21
2467968	1467	1	29
2468005	1467	3	7
2468042	1467	4	14
2468079	1467	5	22
2468116	1467	6	29
2468153	1467	8	7
2468190	1467	9	15
2468227	1467	10	22
2468264	1467	11	30
2468301	1468	1	7
2468338	1468	2	14
2468375	1468	3	22
2468412	1468	4	29
2468449	1468	6	7
2468486	1468	7	15
2468523	1468	8	22
2468560	1468	9	30
2468597	1468	11	8
2468634	1468	12	15
2468671	1469	1	23
2468708	1469	3	1
2468745	1469	4	8
2468782	1469	5	16
2468819	1469	6	23
2468856	1469	8	1
2468893	1469	9	9
2468930	1469	10	16
2468967	1469	11	24
2469004	1470	1	1
2469041	1470	2	8
2469078	1470	3	16
2469115	1470	4	23
2469152	1470	6	1
2469189	1470	7	9
2469226	1470	8	16
2469263	1470	9	24
2469300	1470	11	2
2469337	1470	12	9
2469374	1471	1	17
2469411	1471	2	24
2469448	1471	4	2
2469485	1471	5	10
2469522	1471	6	17
2469559	1471	7	25
2469596	1471	9	3
2469633	1471	10	10
2469670	1471	11	18
2469707	1471	12	25
2469744	1472	2	3
2469781	1472	3	11
2469818	1472	4	18
2469855	1472	5	26
2469892	1472	7	4
2469929	1472	8	11
2469966	1472	9	19
2470003	1472	10	26
2470040	1472	12	4
2470077	1473	1	11
2470114	1473	2	18
2470151	1473	3	26
2470188	1473	5	4
2470225	1473	6	11
2470262	1473	7	19
2470299	1473	8	26
2470336	1473	10	4
2470373	1473	11	12
2470410	1473	12	19
2470447	1474	1	27
2470484	1474	3	5
2470521	1474	4	12
2470558	1474	5	20
2470595	1474	6	27
2470632	1474	8	5
2470669	1474	9	13
2470706	1474	10	20
2470743	1474	11	28
2470780	1475	1	6
2470817	1475	2	13
2470854	1475	3	21
2470891	1475	4	28
2470928	1475	6	6
2470965	1475	7	14
2471002	1475	8	21
2471039	1475	9	29
2471076	1475	11	7
2471113	1475	12	14
2471150	1476	1	21
2471187	1476	2	28
2471224	1476	4	6
2471261	1476	5	14
2471298	1476	6	21
2471335	1476	7	29
2471372	1476	9	7
2471409	1476	10	14
2471446	1476	11	22
2471483	1476	12	29
2471520	1477	2	7
2471557	1477	3	15
2471594	1477	4	22
2471631	1477	5	30
2471668	1477	7	8
2471705	1477	8	15
2471742	1477	9	23
2471779	1477	11	1
2471816	1477	12	8
2471853	1478	1	16
2471890	1478	2	23
2471927	1478	4	1
2471964	1478	5	9
2472001	1478	6	16
2472038	1478	7	24
2472075	1478	9	2
2472112	1478	10	9
2472149	1478	11	17
2472186	1478	12	24
2472223	1479	2	1
2472260	1479	3	9
2472297	1479	4	16
2472334	1479	5	24
2472371	1479	7	2
2472408	1479	8	9
2472445	1479	9	17
2472482	1479	10	24
2472519	1479	12	2
2472556	1480	1	10
2472593	1480	2	17
2472630	1480	3	25
2472667	1480	5	3
2472704	1480	6	10
2472741	1480	7	18
2472778	1480	8	25
2472815	1480	10	3
2472852	1480	11	11
2472889	1480	12	18
2472926	1481	1	25
2472963	1481	3	3
2473000	1481	4	10
2473037	1481	5	18
2473074	1481	6	25
2473111	1481	8	3
2473148	1481	9	11
2473185	1481	10	18
2473222	1481	11	26
2473259	1482	1	4
2473296	1482	2	11
2473333	1482	3	19
2473370	1482	4	26
2473407	1482	6	4
2473444	1482	7	12
2473481	1482	8	19
2473518	1482	9	27
2473555	1482	11	5
2473592	1482	12	12
2473629	1483	1	20
2473666	1483	2	27
2473703	1483	4	5
2473740	1483	5	13
2473777	1483	6	20
2473814	1483	7	28
2473851	1483	9	6
2473888	1483	10	13
2473925	1483	11	21
2473962	1483	12	28
2473999	1484	2	5
2474036	1484	3	13
2474073	1484	4	20
2474110	1484	5	28
2474147	1484	7	6
2474184	1484	8	13
2474221	1484	9	21
2474258	1484	10	28
2474295	1484	12	6
2474332	1485	1	14
2474369	1485	2	21
2474406	1485	3	29
2474443	1485	5	7
2474480	1485	6	14
2474517	1485	7	22
2474554	1485	8	29
2474591	1485	10	7
2474628	1485	11	15
2474665	1485	12	22
2474702	1486	1	30
2474739	1486	3	8
2474776	1486	4	15
2474813	1486	5	23
2474850	1486	7	1
2474887	1486	8	8
2474924	1486	9	16
2474961	1486	10	23
2474998	1486	12	1
2475035	1487	1	8
2475072	1487	2	15
2475109	1487	3	23
2475146	1487	5	1
2475183	1487	6	8
2475220	1487	7	16
2475257	1487	8	23
2475294	1487	10	1
2475331	1487	11	9
2475368	1487	12	16
2475405	1488	1	24
2475442	1488	3	2
2475479	1488	4	9
2475516	1488	5	17
2475553	1488	6	24
2475590	1488	8	2
2475627	1488	9	10
2475664	1488	10	17
2475701	1488	11	25
2475738	1489	1	3
2475775	1489	2	10
2475812	1489	3	18
2475849	1489	4	25
2475886	1489	6	3
2475923	1489	7	11
2475960	1489	8	18
2475997	1489	9	26
2476034	1489	11	4
2476071	1489	12	11
2476108	1490	1	18
2476145	1490	2	25
2476182	1490	4	3
2476219	1490	5	11
2476256	1490	6	18
2476293	1490	7	26
2476330	1490	9	4
2476367	1490	10	11
2476404	1490	11	19
2476441	1490	12	26
2476478	1491	2	4
2476515	1491	3	12
2476552	1491	4	19
2476589	1491	5	27
2476626	1491	7	5
2476663	1491	8	12
2476700	1491	9	20
2476737	1491	10	27
2476774	1491	12	5
2476811	1492	1	12
2476848	1492	2	19
2476885	1492	3	27
2476922	1492	5	5
2476959	1492	6	12
2476996	1492	7	20
2477033	1492	8	27
2477070	1492	10	5
2477107	1492	11	13
2477144	1492	12	20
2477181	1493	1	28
2477218	1493	3	6
2477255	1493	4	13
2477292	1493	5	21
2477329	1493	6	28
2477366	1493	8	6
2477403	1493	9	14
2477440	1493	10	21
2477477	1493	11	29
2477514	1494	1	7
2477551	1494	2	14
2477588	1494	3	22
2477625	1494	4	29
2477662	1494	6	7
2477699	1494	7	15
2477736	1494	8	22
2477773	1494	9	30
2477810	1494	11	8
2477847	1494	12	15
2477884	1495	1	22
2477921	1495	2	29
2477958	1495	4	7
2477995	1495	5	15
2478032	1495	6	22
2478069	1495	7	30
2478106	1495	9	8
2478143	1495	10	15
2478180	1495	11	23
2478217	1496	1	1
2478254	1496	2	8
2478291	1496	3	16
2478328	1496	4	23
2478365	1496	6	1
2478402	1496	7	9
2478439	1496	8	16
2478476	1496	9	24
2478513	1496	11	2
2478550	1496	12	9
2478587	1497	1	17
2478624	1497	2	24
2478661	1497	4	2
2478698	1497	5	10
2478735	1497	6	17
2478772	1497	7	25
2478809	1497	9	3
2478846	1497	10	10
2478883	1497	11	18
2478920	1497	12	25
2478957	1498	2	2
2478994	1498	3	10
2479031	1498	4	17
2479068	1498	5	25
2479105	1498	7	3
2479142	1498	8	10
2479179	1498	9	18
2479216	1498	10	25
2479253	1498	12	3
2479290	1499	1	11
2479327	1499	2	18
2479364	1499	3	26
2479401	1499	5	4
2479438	1499	6	11
2479475	1499	7	19
2479512	1499	8	26
2479549	1499	10	4
2479586	1499	11	12
2479623	1499	12	19
2479660	1500	1	26
2479697	1500	3	4
2479734	1500	4	11
2479771	1500	5	19
2479808	1500	6	26
2479845	1500	8	4
2479882	1500	9	12
2479919	1500	10	19
2479956	1500	11	27
2479993	1501	1	5
2480030	1501	2	12
2480067	1501	3	20
2480104	1501	4	27
2480141	1501	6	5
2480178	1501	7	13
2480215	1501	8	20
2480252	1501	9	28
2480289	1501	11	6
2480326	1501	12	13
2480363	1502	1	21
2480400	1502	2	28
2480437	1502	4	6
2480474	1502	5	14
2480511	1502	6	21
2480548	1502	7	29
2480585	1502	9	7
2480622	1502	10	14
2480659	1502	11	22
2480696	1502	12	29
2480733	1503	2	6
2480770	1503	3	14
2480807	1503	4	21
2480844	1503	5	29
2480881	1503	7	7
2480918	1503	8	14
2480955	1503	9	22
2480992	1503	10	29
2481029	1503	12	7
2481066	1504	1	15
2481103	1504	2	22
2481140	1504	3	30
2481177	1504	5	8
2481214	1504	6	15
2481251	1504	7	23
2481288	1504	9	1
2481325	1504	10	8
2481362	1504	11	16
2481399	1504	12	23
2481436	1505	2	1
2481473	1505	3	9
2481510	1505	4	16
2481547	1505	5	24
2481584	1505	7	2
2481621	1505	8	9
2481658	1505	9	17
2481695	1505	10	24
2481732	1505	12	2
2481769	1506	1	9
2481806	1506	2	16
2481843	1506	3	24
2481880	1506	5	2
2481917	1506	6	9
2481954	1506	7	17
2481991	1506	8	24
2482028	1506	10	2
2482065	1506	11	10
2482102	1506	12	17
2482139	1507	1	25
2482176	1507	3	3
2482213	1507	4	10
2482250	1507	5	18
2482287	1507	6	25
2482324	1507	8	3
2482361	1507	9	11
2482398	1507	10	18
2482435	1507	11	26
2482472	1508	1	4
2482509	1508	2	11
2482546	1508	3	19
2482583	1508	4	26
2482620	1508	6	4
2482657	1508	7	12
2482694	1508	8	19
2482731	1508	9	27
2482768	1508	11	5
2482805	1508	12	12
2482842	1509	1	19
2482879	1509	2	26
2482916	1509	4	4
2482953	1509	5	12
2482990	1509	6	19
2483027	1509	7	27
2483064	1509	9	5
2483101	1509	10	12
2483138	1509	11	20
2483175	1509	12	27
2483212	1510	2	5
2483249	1510	3	13
2483286	1510	4	20
2483323	1510	5	28
2483360	1510	7	6
2483397	1510	8	13
2483434	1510	9	21
2483471	1510	10	28
2483508	1510	12	6
2483545	1511	1	13
2483582	1511	2	20
2483619	1511	3	28
2483656	1511	5	6
2483693	1511	6	13
2483730	1511	7	21
2483767	1511	8	28
2483804	1511	10	6
2483841	1511	11	14
2483878	1511	12	21
2483915	1512	1	29
2483952	1512	3	7
2483989	1512	4	14
2484026	1512	5	22
2484063	1512	6	29
2484100	1512	8	7
2484137	1512	9	15
2484174	1512	10	22
2484211	1512	11	30
2484248	1513	1	8
2484285	1513	2	15
2484322	1513	3	23
2484359	1513	5	1
2484396	1513	6	8
2484433	1513	7	16
2484470	1513	8	23
2484507	1513	10	1
2484544	1513	11	9
2484581	1513	12	16
2484618	1514	1	23
2484655	1514	3	1
2484692	1514	4	8
2484729	1514	5	16
2484766	1514	6	23
2484803	1514	8	1
2484840	1514	9	9
2484877	1514	10	16
2484914	1514	11	24
2484951	1515	1	2
2484988	1515	2	9
2485025	1515	3	17
2485062	1515	4	24
2485099	1515	6	2
2485136	1515	7	10
2485173	1515	8	17
2485210	1515	9	25
2485247	1515	11	3
2485284	1515	12	10
2485321	1516	1	18
2485358	1516	2	25
2485395	1516	4	3
2485432	1516	5	11
2485469	1516	6	18
2485506	1516	7	26
2485543	1516	9	4
2485580	1516	10	11
2485617	1516	11	19
2485654	1516	12	26
2485691	1517	2	3
2485728	1517	3	11
2485765	1517	4	18
2485802	1517	5	26
2485839	1517	7	4
2485876	1517	8	11
2485913	1517	9	19
2485950	1517	10	26
2485987	1517	12	4
2486024	1518	1	12
2486061	1518	2	19
2486098	1518	3	27
2486135	1518	5	5
2486172	1518	6	12
2486209	1518	7	20
2486246	1518	8	27
2486283	1518	10	5
2486320	1518	11	13
2486357	1518	12	20
2486394	1519	1	28
2486431	1519	3	6
2486468	1519	4	13
2486505	1519	5	21
2486542	1519	6	28
2486579	1519	8	6
2486616	1519	9	14
2486653	1519	10	21
2486690	1519	11	29
2486727	1520	1	6
2486764	1520	2	13
2486801	1520	3	21
2486838	1520	4	28
2486875	1520	6	6
2486912	1520	7	14
2486949	1520	8	21
2486986	1520	9	29
2487023	1520	11	7
2487060	1520	12	14
2487097	1521	1	22
2487134	1521	2	29
2487171	1521	4	7
2487208	1521	5	15
2487245	1521	6	22
2487282	1521	7	30
2487319	1521	9	8
2487356	1521	10	15
2487393	1521	11	23
2487430	1521	12	30
2487467	1522	2	7
2487504	1522	3	15
2487541	1522	4	22
2487578	1522	5	30
2487615	1522	7	8
2487652	1522	8	15
2487689	1522	9	23
2487726	1522	11	1
2487763	1522	12	8
2487800	1523	1	16
2487837	1523	2	23
2487874	1523	4	1
2487911	1523	5	9
2487948	1523	6	16
2487985	1523	7	24
2488022	1523	9	2
2488059	1523	10	9
2488096	1523	11	17
2488133	1523	12	24
2488170	1524	2	2
2488207	1524	3	10
2488244	1524	4	17
2488281	1524	5	25
2488318	1524	7	3
2488355	1524	8	10
2488392	1524	9	18
2488429	1524	10	25
2488466	1524	12	3
2488503	1525	1	10
2488540	1525	2	17
2488577	1525	3	25
2488614	1525	5	3
2488651	1525	6	10
2488688	1525	7	18
2488725	1525	8	25
2488762	1525	10	3
2488799	1525	11	11
2488836	1525	12	18
2488873	1526	1	26
2488910	1526	3	4
2488947	1526	4	11
2488984	1526	5	19
2489021	1526	6	26
2489058	1526	8	4
2489095	1526	9	12
2489132	1526	10	19
2489169	1526	11	27
2489206	1527	1	5
2489243	1527	2	12
2489280	1527	3	20
2489317	1527	4	27
2489354	1527	6	5
2489391	1527	7	13
2489428	1527	8	20
2489465	1527	9	28
2489502	1527	11	6
2489539	1527	12	13
2489576	1528	1	20
2489613	1528	2	27
2489650	1528	4	5
2489687	1528	5	13
2489724	1528	6	20
2489761	1528	7	28
2489798	1528	9	6
2489835	1528	10	13
2489872	1528	11	21
2489909	1528	12	28
2489946	1529	2	6
2489983	1529	3	14
2490020	1529	4	21
2490057	1529	5	29
2490094	1529	7	7
2490131	1529	8	14
2490168	1529	9	22
2490205	1529	10	29
2490242	1529	12	7
2490279	1530	1	14
2490316	1530	2	21
2490353	1530	3	29
2490390	1530	5	7
2490427	1530	6	14
2490464	1530	7	22
2490501	1530	8	29
2490538	1530	10	7
2490575	1530	11	15
2490612	1530	12	22
2490649	1531	1	30
2490686	1531	3	8
2490723	1531	4	15
2490760	1531	5	23
2490797	1531	7	1
2490834	1531	8	8
2490871	1531	9	16
2490908	1531	10	23
2490945	1531	12	1
2490982	1532	1	9
2491019	1532	2	16
2491056	1532	3	24
2491093	1532	5	2
2491130	1532	6	9
2491167	1532	7	17
2491204	1532	8	24
2491241	1532	10	2
2491278	1532	11	10
2491315	1532	12	17
2491352	1533	1	24
2491389	1533	3	2
2491426	1533	4	9
2491463	1533	5	17
2491500	1533	6	24
2491537	1533	8	2
2491574	1533	9	10
2491611	1533	10	17
2491648	1533	11	25
2491685	1534	1	3
2491722	1534	2	10
2491759	1534	3	18
2491796	1534	4	25
2491833	1534	6	3
2491870	1534	7	11
2491907	1534	8	18
2491944	1534	9	26
2491981	1534	11	4
2492018	1534	12	11
2492055	1535	1	19
2492092	1535	2	26
2492129	1535	4	4
2492166	1535	5	12
2492203	1535	6	19
2492240	1535	7	27
2492277	1535	9	5
2492314	1535	10	12
2492351	1535	11	20
2492388	1535	12	27
2492425	1536	2	4
2492462	1536	3	12
2492499	1536	4	19
2492536	1536	5	27
2492573	1536	7	5
2492610	1536	8	12
2492647	1536	9	20
2492684	1536	10	27
2492721	1536	12	5
2492758	1537	1	13
2492795	1537	2	20
2492832	1537	3	28
2492869	1537	5	6
2492906	1537	6	13
2492943	1537	7	21
2492980	1537	8	28
2493017	1537	10	6
2493054	1537	11	14
2493091	1537	12	21
2493128	1538	1	29
2493165	1538	3	7
2493202	1538	4	14
2493239	1538	5	22
2493276	1538	6	29
2493313	1538	8	7
2493350	1538	9	15
2493387	1538	10	22
2493424	1538	11	30
2493461	1539	1	7
2493498	1539	2	14
2493535	1539	3	22
2493572	1539	4	29
2493609	1539	6	7
2493646	1539	7	15
2493683	1539	8	22
2493720	1539	9	30
2493757	1539	11	8
2493794	1539	12	15
2493831	1540	1	23
2493868	1540	3	1
2493905	1540	4	8
2493942	1540	5	16
2493979	1540	6	23
2494016	1540	8	1
2494053	1540	9	9
2494090	1540	10	16
2494127	1540	11	24
2494164	1541	1	1
2494201	1541	2	8
2494238	1541	3	16
2494275	1541	4	23
2494312	1541	6	1
2494349	1541	7	9
2494386	1541	8	16
2494423	1541	9	24
2494460	1541	11	2
2494497	1541	12	9
2494534	1542	1	17
2494571	1542	2	24
2494608	1542	4	2
2494645	1542	5	10
2494682	1542	6	17
2494719	1542	7	25
2494756	1542	9	3
2494793	1542	10	10
2494830	1542	11	18
2494867	1542	12	25
2494904	1543	2	3
2494941	1543	3	11
2494978	1543	4	18
2495015	1543	5	26
2495052	1543	7	4
2495089	1543	8	11
2495126	1543	9	19
2495163	1543	10	26
2495200	1543	12	4
2495237	1544	1	11
2495274	1544	2	18
2495311	1544	3	26
2495348	1544	5	4
2495385	1544	6	11
2495422	1544	7	19
2495459	1544	8	26
2495496	1544	10	4
2495533	1544	11	12
2495570	1544	12	19
2495607	1545	1	27
2495644	1545	3	5
2495681	1545	4	12
2495718	1545	5	20
2495755	1545	6	27
2495792	1545	8	5
2495829	1545	9	13
2495866	1545	10	20
2495903	1545	11	28
2495940	1546	1	6
2495977	1546	2	13
2496014	1546	3	21
2496051	1546	4	28
2496088	1546	6	6
2496125	1546	7	14
2496162	1546	8	21
2496199	1546	9	29
2496236	1546	11	7
2496273	1546	12	14
2496310	1547	1	21
2496347	1547	2	28
2496384	1547	4	6
2496421	1547	5	14
2496458	1547	6	21
2496495	1547	7	29
2496532	1547	9	7
2496569	1547	10	14
2496606	1547	11	22
2496643	1547	12	29
2496680	1548	2	7
2496717	1548	3	15
2496754	1548	4	22
2496791	1548	5	30
2496828	1548	7	8
2496865	1548	8	15
2496902	1548	9	23
2496939	1548	11	1
2496976	1548	12	8
2497013	1549	1	16
2497050	1549	2	23
2497087	1549	4	1
2497124	1549	5	9
2497161	1549	6	16
2497198	1549	7	24
2497235	1549	9	2
2497272	1549	10	9
2497309	1549	11	17
2497346	1549	12	24
2497383	1550	2	1
2497420	1550	3	9
2497457	1550	4	16
2497494	1550	5	24
2497531	1550	7	2
2497568	1550	8	9
2497605	1550	9	17
2497642	1550	10	24
2497679	1550	12	2
2497716	1551	1	10
2497753	1551	2	17
2497790	1551	3	25
2497827	1551	5	3
2497864	1551	6	10
2497901	1551	7	18
2497938	1551	8	25
2497975	1551	10	3
2498012	1551	11	11
2498049	1551	12	18
2498086	1552	1	25
2498123	1552	3	3
2498160	1552	4	10
2498197	1552	5	18
2498234	1552	6	25
2498271	1552	8	3
2498308	1552	9	11
2498345	1552	10	18
2498382	1552	11	26
2498419	1553	1	4
2498456	1553	2	11
2498493	1553	3	19
2498530	1553	4	26
2498567	1553	6	4
2498604	1553	7	12
2498641	1553	8	19
2498678	1553	9	27
2498715	1553	11	5
2498752	1553	12	12
2498789	1554	1	20
2498826	1554	2	27
2498863	1554	4	5
2498900	1554	5	13
2498937	1554	6	20
2498974	1554	7	28
2499011	1554	9	6
2499048	1554	10	13
2499085	1554	11	21
2499122	1554	12	28
2499159	1555	2	5
2499196	1555	3	13
2499233	1555	4	20
2499270	1555	5	28
2499307	1555	7	6
2499344	1555	8	13
2499381	1555	9	21
2499418	1555	10	28
2499455	1555	12	6
2499492	1556	1	14
2499529	1556	2	21
2499566	1556	3	29
2499603	1556	5	7
2499640	1556	6	14
2499677	1556	7	22
2499714	1556	8	29
2499751	1556	10	7
2499788	1556	11	15
2499825	1556	12	22
2499862	1557	1	30
2499899	1557	3	8
2499936	1557	4	15
2499973	1557	5	23
2500010	1557	7	1
2500047	1557	8	8
2500084	1557	9	16
2500121	1557	10	23
2500158	1557	12	1
2500195	1558	1	8
2500232	1558	2	15
2500269	1558	3	23
2500306	1558	5	1
2500343	1558	6	8
2500380	1558	7	16
2500417	1558	8	23
2500454	1558	10	1
2500491	1558	11	9
2500528	1558	12	16
2500565	1559	1	24
2500602	1559	3	2
2500639	1559	4	9
2500676	1559	5	17
2500713	1559	6	24
2500750	1559	8	2
2500787	1559	9	10
2500824	1559	10	17
2500861	1559	11	25
2500898	1560	1	2
2500935	1560	2	9
2500972	1560	3	17
2501009	1560	4	24
2501046	1560	6	2
2501083	1560	7	10
2501120	1560	8	17
2501157	1560	9	25
2501194	1560	11	3
2501231	1560	12	10
2501268	1561	1	18
2501305	1561	2	25
2501342	1561	4	3
2501379	1561	5	11
2501416	1561	6	18
2501453	1561	7	26
2501490	1561	9	4
2501527	1561	10	11
2501564	1561	11	19
2501601	1561	12	26
2501638	1562	2	4
2501675	1562	3	12
2501712	1562	4	19
2501749	1562	5	27
2501786	1562	7	5
2501823	1562	8	12
2501860	1562	9	20
2501897	1562	10	27
2501934	1562	12	5
2501971	1563	1	12
2502008	1563	2	19
2502045	1563	3	27
2502082	1563	5	5
2502119	1563	6	12
2502156	1563	7	20
2502193	1563	8	27
2502230	1563	10	5
2502267	1563	11	13
2502304	1563	12	20
2502341	1564	1	28
2502378	1564	3	6
2502415	1564	4	13
2502452	1564	5	21
2502489	1564	6	28
2502526	1564	8	6
2502563	1564	9	14
2502600	1564	10	21
2502637	1564	11	29
2502674	1565	1	7
2502711	1565	2	14
2502748	1565	3	22
2502785	1565	4	29
2502822	1565	6	7
2502859	1565	7	15
2502896	1565	8	22
2502933	1565	9	30
2502970	1565	11	8
2503007	1565	12	15
2503044	1566	1	22
2503081	1566	2	29
2503118	1566	4	7
2503155	1566	5	15
2503192	1566	6	22
2503229	1566	7	30
2503266	1566	9	8
2503303	1566	10	15
2503340	1566	11	23
2503377	1567	1	1
2503414	1567	2	8
2503451	1567	3	16
2503488	1567	4	23
2503525	1567	6	1
2503562	1567	7	9
2503599	1567	8	16
2503636	1567	9	24
2503673	1567	11	2
2503710	1567	12	9
2503747	1568	1	17
2503784	1568	2	24
2503821	1568	4	2
2503858	1568	5	10
2503895	1568	6	17
2503932	1568	7	25
2503969	1568	9	3
2504006	1568	10	10
2504043	1568	11	18
2504080	1568	12	25
2504117	1569	2	2
2504154	1569	3	10
2504191	1569	4	17
2504228	1569	5	25
2504265	1569	7	3
2504302	1569	8	10
2504339	1569	9	18
2504376	1569	10	25
2504413	1569	12	3
2504450	1570	1	11
2504487	1570	2	18
2504524	1570	3	26
2504561	1570	5	4
2504598	1570	6	11
2504635	1570	7	19
2504672	1570	8	26
2504709	1570	10	4
2504746	1570	11	12
2504783	1570	12	19
2504820	1571	1	26
2504857	1571	3	4
2504894	1571	4	11
2504931	1571	5	19
2504968	1571	6	26
2505005	1571	8	4
2505042	1571	9	12
2505079	1571	10	19
2505116	1571	11	27
2505153	1572	1	5
2505190	1572	2	12
2505227	1572	3	20
2505264	1572	4	27
2505301	1572	6	5
2505338	1572	7	13
2505375	1572	8	20
2505412	1572	9	28
2505449	1572	11	6
2505486	1572	12	13
2505523	1573	1	21
2505560	1573	2	28
2505597	1573	4	6
2505634	1573	5	14
2505671	1573	6	21
2505708	1573	7	29
2505745	1573	9	7
2505782	1573	10	14
2505819	1573	11	22
2505856	1573	12	29
2505893	1574	2	6
2505930	1574	3	14
2505967	1574	4	21
2506004	1574	5	29
2506041	1574	7	7
2506078	1574	8	14
2506115	1574	9	22
2506152	1574	10	29
2506189	1574	12	7
2506226	1575	1	15
2506263	1575	2	22
2506300	1575	3	30
2506337	1575	5	8
2506374	1575	6	15
2506411	1575	7	23
2506448	1575	9	1
2506485	1575	10	8
2506522	1575	11	16
2506559	1575	12	23
2506596	1576	2	1
2506633	1576	3	9
2506670	1576	4	16
2506707	1576	5	24
2506744	1576	7	2
2506781	1576	8	9
2506818	1576	9	17
2506855	1576	10	24
2506892	1576	12	2
2506929	1577	1	9
2506966	1577	2	16
2507003	1577	3	24
2507040	1577	5	2
2507077	1577	6	9
2507114	1577	7	17
2507151	1577	8	24
2507188	1577	10	2
2507225	1577	11	10
2507262	1577	12	17
2507299	1578	1	25
2507336	1578	3	3
2507373	1578	4	10
2507410	1578	5	18
2507447	1578	6	25
2507484	1578	8	3
2507521	1578	9	11
2507558	1578	10	18
2507595	1578	11	26
2507632	1579	1	4
2507669	1579	2	11
2507706	1579	3	19
2507743	1579	4	26
2507780	1579	6	4
2507817	1579	7	12
2507854	1579	8	19
2507891	1579	9	27
2507928	1579	11	5
2507965	1579	12	12
2508002	1580	1	19
2508039	1580	2	26
2508076	1580	4	4
2508113	1580	5	12
2508150	1580	6	19
2508187	1580	7	27
2508224	1580	9	5
2508261	1580	10	12
2508298	1580	11	20
2508335	1580	12	27
2508372	1581	2	5
2508409	1581	3	13
2508446	1581	4	20
2508483	1581	5	28
2508520	1581	7	6
2508557	1581	8	13
2508594	1581	9	21
2508631	1581	10	28
2508668	1581	12	6
2508705	1582	1	13
2508742	1582	2	20
2508779	1582	3	28
2508816	1582	5	6
2508853	1582	6	13
2508890	1582	7	21
2508927	1582	8	28
2508964	1582	10	6
2509001	1582	11	14
2509038	1582	12	21
2509075	1583	1	29
2509112	1583	3	7
2509149	1583	4	14
2509186	1583	5	22
2509223	1583	6	29
2509260	1583	8	7
2509297	1583	9	15
2509334	1583	10	22
2509371	1583	11	30
2509408	1584	1	8
2509445	1584	2	15
2509482	1584	3	23
2509519	1584	5	1
2509556	1584	6	8
2509593	1584	7	16
2509630	1584	8	23
2509667	1584	10	1
2509704	1584	11	9
2509741	1584	12	16
2509778	1585	1	23
2509815	1585	3	1
2509852	1585	4	8
2509889	1585	5	16
2509926	1585	6	23
2509963	1585	8	1
2510000	1585	9	9
2510037	1585	10	16
2510074	1585	11	24
2510111	1586	1	2
2510148	1586	2	9
2510185	1586	3	17
2510222	1586	4	24
2510259	1586	6	2
2510296	1586	7	10
2510333	1586	8	17
2510370	1586	9	25
2510407	1586	11	3
2510444	1586	12	10
2510481	1587	1	18
2510518	1587	2	25
2510555	1587	4	3
2510592	1587	5	11
2510629	1587	6	18
2510666	1587	7	26
2510703	1587	9	4
2510740	1587	10	11
2510777	1587	11	19
2510814	1587	12	26
2510851	1588	2	3
2510888	1588	3	11
2510925	1588	4	18
2510962	1588	5	26
2510999	1588	7	4
2511036	1588	8	11
2511073	1588	9	19
2511110	1588	10	26
2511147	1588	12	4
2511184	1589	1	12
2511221	1589	2	19
2511258	1589	3	27
2511295	1589	5	5
2511332	1589	6	12
2511369	1589	7	20
2511406	1589	8	27
2511443	1589	10	5
2511480	1589	11	13
2511517	1589	12	20
2511554	1590	1	27
2511591	1590	3	5
2511628	1590	4	12
2511665	1590	5	20
2511702	1590	6	27
2511739	1590	8	5
2511776	1590	9	13
2511813	1590	10	20
2511850	1590	11	28
2511887	1591	1	6
2511924	1591	2	13
2511961	1591	3	21
2511998	1591	4	28
2512035	1591	6	6
2512072	1591	7	14
2512109	1591	8	21
2512146	1591	9	29
2512183	1591	11	7
2512220	1591	12	14
2512257	1592	1	22
2512294	1592	2	29
2512331	1592	4	7
2512368	1592	5	15
2512405	1592	6	22
2512442	1592	7	30
2512479	1592	9	8
2512516	1592	10	15
2512553	1592	11	23
2512590	1592	12	30
2512627	1593	2	7
2512664	1593	3	15
2512701	1593	4	22
2512738	1593	5	30
2512775	1593	7	8
2512812	1593	8	15
2512849	1593	9	23
2512886	1593	11	1
2512923	1593	12	8
2512960	1594	1	16
2512997	1594	2	23
2513034	1594	4	1
2513071	1594	5	9
2513108	1594	6	16
2513145	1594	7	24
2513182	1594	9	2
2513219	1594	10	9
2513256	1594	11	17
2513293	1594	12	24
2513330	1595	2	2
2513367	1595	3	10
2513404	1595	4	17
2513441	1595	5	25
2513478	1595	7	3
2513515	1595	8	10
2513552	1595	9	18
2513589	1595	10	25
2513626	1595	12	3
2513663	1596	1	10
2513700	1596	2	17
2513737	1596	3	25
2513774	1596	5	3
2513811	1596	6	10
2513848	1596	7	18
2513885	1596	8	25
2513922	1596	10	3
2513959	1596	11	11
2513996	1596	12	18
2514033	1597	1	26
2514070	1597	3	4
2514107	1597	4	11
2514144	1597	5	19
2514181	1597	6	26
2514218	1597	8	4
2514255	1597	9	12
2514292	1597	10	19
2514329	1597	11	27
2514366	1598	1	5
2514403	1598	2	12
2514440	1598	3	20
2514477	1598	4	27
2514514	1598	6	5
2514551	1598	7	13
2514588	1598	8	20
2514625	1598	9	28
2514662	1598	11	6
2514699	1598	12	13
2514736	1599	1	20
2514773	1599	2	27
2514810	1599	4	5
2514847	1599	5	13
2514884	1599	6	20
2514921	1599	7	28
2514958	1599	9	6
2514995	1599	10	13
2515032	1599	11	21
2515069	1599	12	28
2515106	1600	2	6
2515143	1600	3	14
2515180	1600	4	21
2515217	1600	5	29
2515254	1600	7	7
2515291	1600	8	14
2515328	1600	9	22
2515365	1600	10	29
2515402	1600	12	7
2515439	1601	1	14
2515476	1601	2	21
2515513	1601	3	29
2515550	1601	5	7
2515587	1601	6	14
2515624	1601	7	22
2515661	1601	8	29
2515698	1601	10	7
2515735	1601	11	15
2515772	1601	12	22
2515809	1602	1	30
2515846	1602	3	8
2515883	1602	4	15
2515920	1602	5	23
2515957	1602	7	1
2515994	1602	8	8
2516031	1602	9	16
2516068	1602	10	23
2516105	1602	12	1
2516142	1603	1	9
2516179	1603	2	16
2516216	1603	3	24
2516253	1603	5	2
2516290	1603	6	9
2516327	1603	7	17
2516364	1603	8	24
2516401	1603	10	2
2516438	1603	11	10
2516475	1603	12	17
2516512	1604	1	24
2516549	1604	3	2
2516586	1604	4	9
2516623	1604	5	17
2516660	1604	6	24
2516697	1604	8	2
2516734	1604	9	10
2516771	1604	10	17
2516808	1604	11	25
2516845	1605	1	3
2516882	1605	2	10
2516919	1605	3	18
2516956	1605	4	25
2516993	1605	6	3
2517030	1605	7	11
2517067	1605	8	18
2517104	1605	9	26
2517141	1605	11	4
2517178	1605	12	11
2517215	1606	1	19
2517252	1606	2	26
2517289	1606	4	4
2517326	1606	5	12
2517363	1606	6	19
2517400	1606	7	27
2517437	1606	9	5
2517474	1606	10	12
2517511	1606	11	20
2517548	1606	12	27
2517585	1607	2	4
2517622	1607	3	12
2517659	1607	4	19
2517696	1607	5	27
2517733	1607	7	5
2517770	1607	8	12
2517807	1607	9	20
2517844	1607	10	27
2517881	1607	12	5
2517918	1608	1	13
2517955	1608	2	20
2517992	1608	3	28
2518029	1608	5	6
2518066	1608	6	13
2518103	1608	7	21
2518140	1608	8	28
2518177	1608	10	6
2518214	1608	11	14
2518251	1608	12	21
2518288	1609	1	29
2518325	1609	3	7
2518362	1609	4	14
2518399	1609	5	22
2518436	1609	6	29
2518473	1609	8	7
2518510	1609	9	15
2518547	1609	10	22
2518584	1609	11	30
2518621	1610	1	7
2518658	1610	2	14
2518695	1610	3	22
2518732	1610	4	29
2518769	1610	6	7
2518806	1610	7	15
2518843	1610	8	22
2518880	1610	9	30
2518917	1610	11	8
2518954	1610	12	15
2518991	1611	1	23
2519028	1611	3	1
2519065	1611	4	8
2519102	1611	5	16
2519139	1611	6	23
2519176	1611	8	1
2519213	1611	9	9
2519250	1611	10	16
2519287	1611	11	24
2519324	1612	1	1
2519361	1612	2	8
2519398	1612	3	16
2519435	1612	4	23
2519472	1612	6	1
2519509	1612	7	9
2519546	1612	8	16
2519583	1612	9	24
2519620	1612	11	2
2519657	1612	12	9
2519694	1613	1	17
2519731	1613	2	24
2519768	1613	4	2
2519805	1613	5	10
2519842	1613	6	17
2519879	1613	7	25
2519916	1613	9	3
2519953	1613	10	10
2519990	1613	11	18
2520027	1613	12	25
2520064	1614	2	3
2520101	1614	3	11
2520138	1614	4	18
2520175	1614	5	26
2520212	1614	7	4
2520249	1614	8	11
2520286	1614	9	19
2520323	1614	10	26
2520360	1614	12	4
2520397	1615	1	11
2520434	1615	2	18
2520471	1615	3	26
2520508	1615	5	4
2520545	1615	6	11
2520582	1615	7	19
2520619	1615	8	26
2520656	1615	10	4
2520693	1615	11	12
2520730	1615	12	19
2520767	1616	1	27
2520804	1616	3	5
2520841	1616	4	12
2520878	1616	5	20
2520915	1616	6	27
2520952	1616	8	5
2520989	1616	9	13
2521026	1616	10	20
2521063	1616	11	28
2521100	1617	1	6
2521137	1617	2	13
2521174	1617	3	21
2521211	1617	4	28
2521248	1617	6	6
2521285	1617	7	14
2521322	1617	8	21
2521359	1617	9	29
2521396	1617	11	7
2521433	1617	12	14
2521470	1618	1	21
2521507	1618	2	28
2521544	1618	4	6
2521581	1618	5	14
2521618	1618	6	21
2521655	1618	7	29
2521692	1618	9	7
2521729	1618	10	14
2521766	1618	11	22
2521803	1618	12	29
2521840	1619	2	7
2521877	1619	3	15
2521914	1619	4	22
2521951	1619	5	30
2521988	1619	7	8
2522025	1619	8	15
2522062	1619	9	23
2522099	1619	11	1
2522136	1619	12	8
2522173	1620	1	15
2522210	1620	2	22
2522247	1620	3	30
2522284	1620	5	8
2522321	1620	6	15
2522358	1620	7	23
2522395	1620	9	1
2522432	1620	10	8
2522469	1620	11	16
2522506	1620	12	23
2522543	1621	2	1
2522580	1621	3	9
2522617	1621	4	16
2522654	1621	5	24
2522691	1621	7	2
2522728	1621	8	9
2522765	1621	9	17
2522802	1621	10	24
2522839	1621	12	2
2522876	1622	1	10
2522913	1622	2	17
2522950	1622	3	25
2522987	1622	5	3
2523024	1622	6	10
2523061	1622	7	18
2523098	1622	8	25
2523135	1622	10	3
2523172	1622	11	11
2523209	1622	12	18
2523246	1623	1	25
2523283	1623	3	3
2523320	1623	4	10
2523357	1623	5	18
2523394	1623	6	25
2523431	1623	8	3
2523468	1623	9	11
2523505	1623	10	18
2523542	1623	11	26
2523579	1624	1	4
2523616	1624	2	11
2523653	1624	3	19
2523690	1624	4	26
2523727	1624	6	4
2523764	1624	7	12
2523801	1624	8	19
2523838	1624	9	27
2523875	1624	11	5
2523912	1624	12	12
2523949	1625	1	20
2523986	1625	2	27
2524023	1625	4	5
2524060	1625	5	13
2524097	1625	6	20
2524134	1625	7	28
2524171	1625	9	6
2524208	1625	10	13
2524245	1625	11	21
2524282	1625	12	28
2524319	1626	2	5
2524356	1626	3	13
2524393	1626	4	20
2524430	1626	5	28
2524467	1626	7	6
2524504	1626	8	13
2524541	1626	9	21
2524578	1626	10	28
